Twitter,Chamber
AnthonyBrownMD4,House
AustinScottGA08,House
BennieGThompson,House
BettyMcCollum04,House
BillPascrell,House
BobbyScott,House
boblatta,House
BradSherman,House
brettguthrie,House
Call_Me_Dutch,House
cathymcmorris,House
chelliepingree,House
Clyburn,House
ConawayTX11,House
congbillposey,House
CongBoyle,House
CongCulberson,House
CongMikeSimpson,House
CongPalazzo,House
CongressmanGT,House
CongressmanHice,House
CongressmanRaja,House
CongressmanRuiz,House
DanaRohrabacher,House
DarrellIssa,House
daveloebsack,House
davereichert,House
DavidRouzer,House
DesJarlaisTN04,House
DonaldNorcross,House
DorisMatsui,House
DrNealDunnFL2,House
DrPhilRoe,House
EleanorNorton,House
farenthold,House
FrankPallone,House
GerryConnolly,House
GKButterfield,House
GOPLeader,House
gracenapolitano,House
GreggHarper,House
GregoryMeeks,House
HerreraBeutler,House
HurdOnTheHill,House
JacksonLeeTX18,House
jahimes,House
janschakowsky,House
jasoninthehouse,House
JeffFortenberry,House
Jim_Jordan,House
JimLangevin,House
JimPressOffice,House
JoaquinCastrotx,House
JudgeCarter,House
JudgeTedPoe,House
JuliaBrownley26,House
justinamash,House
keithellison,House
KeithRothfus,House
KenCalvert,House
KYComer,House
LamarSmithTX21,House
louiseslaughter,House
MacTXPress,House
MarioDB,House
MarkAmodeiNV2,House
MarshaBlackburn,House
MaxineWaters,House
michaelcburgess,House
MikeKellyPA,House
NancyPelosi,House
nikiinthehouse,House
NitaLowey,House
NormaJTorres,House
NydiaVelazquez,House
PatrickMcHenry,House
PatTiberi,House
PeterRoskam,House
PeterWelch,House
PeteSessions,House
Raul_Labrador,House
RepAbraham,House
RepAdams,House
RepAdamSchiff,House
RepAdamSmith,House
RepAdrianSmith,House
RepAlexMooney,House
RepAlGreen,House
RepAlLawsonJr,House
RepAmata,House
RepAndreCarson,House
RepAndyBarr,House
RepAndyBiggsAZ,House
RepAndyHarrisMD,House
RepAnnaEshoo,House
RepAnnieKuster,House
RepAnnWagner,House
RepArrington,House
RepBarbaraLee,House
RepBarragan,House
RepBeatty,House
RepBecerra,House
RepBera,House
RepBetoORourke,House
RepBillFlores,House
RepBillFoster,House
RepBillJohnson,House
RepBillShuster,House
RepBlainePress,House
repblumenauer,House
RepBobbyRush,House
RepBobGibbs,House
RepBonamici,House
RepBonnie,House
RepBost,House
RepBradWenstrup,House
RepBrady,House
RepBrianBabin,House
RepBrianFitz,House
RepBrianHiggins,House
RepBrianMast,House
RepBRochester,House
RepBuddyCarter,House
RepByrne,House
RepCarbajal,House
RepCardenas,House
RepCartwright,House
RepCharlieCrist,House
RepCharlieDent,House
RepCheri,House
RepChrisCollins,House
RepChrisSmith,House
RepChrisStewart,House
RepChuck,House
RepCicilline,House
repcleaver,House
RepCohen,House
RepComstock,House
RepCuellar,House
RepCummings,House
RepCurbelo,House
RepDanDonovan,House
RepDanKildee,House
RepDannyDavis,House
RepDarrenSoto,House
RepDaveBrat,House
RepDaveJoyce,House
repdavetrott,House
RepDavid,House
RepDavidEPrice,House
repdavidkustoff,House
repdavidscott,House
RepDavidValadao,House
RepDavidYoung,House
RepDebDingell,House
RepDelBene,House
RepDennisRoss,House
RepDennyHeck,House
RepDerekKilmer,House
RepDeSantis,House
RepDeSaulnier,House
Rep_DevinNunes,House
RepDianaDeGette,House
RepDianeBlack,House
repdinatitus,House
RepDLamborn,House
RepDonaldPayne,House
RepDonBacon,House
RepDonBeyer,House
repdonyoung,House
RepDougCollins,House
RepDrewFerguson,House
RepDwightEvans,House
RepDWStweets,House
RepEBJ,House
RepEdRoyce,House
RepEliotEngel,House
RepErikPaulsen,House
RepEspaillat,House
RepEsty,House
RepEvanJenkins,House
RepFilemonVela,House
RepFrankLucas,House
RepFredUpton,House
RepFrenchHill,House
RepGallagher,House
RepGaramendi,House
RepGarretGraves,House
RepGeneGreen,House
RepGonzalez,House
RepGoodlatte,House
RepGosar,House
RepGraceMeng,House
repgregwalden,House
RepGrothman,House
RepGusBilirakis,House
RepGutierrez,House
RepGwenMoore,House
RepHalRogers,House
RepHanabusa,House
RepHankJohnson,House
RepHartzler,House
RepHastingsFL,House
RepHensarling,House
RepHolding,House
RepHuffman,House
RepHuizenga,House
RepHultgren,House
Rep_Hunter,House
RepJackBergman,House
RepJackyRosen,House
RepJaredPolis,House
RepJasonLewis,House
RepJasonSmith,House
RepJayapal,House
RepJBridenstine,House
RepJeffDenham,House
RepJeffDuncan,House
RepJeffries,House
RepJenniffer,House
RepJerryNadler,House
RepJimBanks,House
repjimcooper,House
RepJimCosta,House
RepJimmyPanetta,House
RepJimRenacci,House
RepJoeBarton,House
RepJoeCourtney,House
repjoecrowley,House
RepJoeKennedy,House
RepJoeWilson,House
RepJohnConyers,House
RepJohnDelaney,House
RepJohnDuncanJr,House
RepJohnFaso,House
RepJohnKatko,House
RepJohnLarson,House
repjohnlewis,House
RepJohnYarmuth,House
RepJoseSerrano,House
RepJoshG,House
RepJuanVargas,House
RepJudyChu,House
RepKarenBass,House
RepKathleenRice,House
RepKayGranger,House
RepKClark,House
RepKenBuck,House
RepKenMarchant,House
RepKevinBrady,House
RepKevinCramer,House
RepKevinYoder,House
RepKihuen,House
RepKinzinger,House
RepKristiNoem,House
RepLaHood,House
RepLaMalfa,House
RepLanceNJ7,House
RepLarryBucshon,House
RepLawrence,House
RepLeeZeldin,House
RepLindaSanchez,House
RepLipinski,House
RepLizCheney,House
RepLloydDoggett,House
RepLoBiondo,House
RepLoisFrankel,House
RepLouBarletta,House
RepLoudermilk,House
replouiegohmert,House
RepLowenthal,House
RepLujanGrisham,House
RepLukeMesser,House
RepLynnJenkins,House
RepMaloney,House
RepMarciaFudge,House
RepMarcyKaptur,House
RepMarkMeadows,House
repmarkpocan,House
RepMarkTakano,House
RepMarkWalker,House
RepMarthaRoby,House
RepMattGaetz,House
RepMcCaul,House
RepMcClintock,House
RepMcEachin,House
RepMcGovern,House
RepMcKinley,House
RepMcNerney,House
RepMcSally,House
RepMeehan,House
RepMGriffith,House
RepMiaLove,House
RepMikeBishop,House
RepMikeCapuano,House
RepMikeCoffman,House
RepMikeQuigley,House
RepMikeRogersAL,House
RepMikeTurner,House
RepMimiWalters,House
RepMoBrooks,House
RepMoolenaar,House
RepMullin,House
RepNewhouse,House
RepOHalleran,House
RepPaulCook,House
RepPaulMitchell,House
RepPaulTonko,House
RepPerlmutter,House
RepPeteAguilar,House
RepPeteKing,House
RepPeteOlson,House
RepPeterDeFazio,House
reppittenger,House
RepPoliquin,House
RepRaskin,House
RepRatcliffe,House
RepRaulGrijalva,House
RepRichardNeal,House
RepRichHudson,House
RepRichmond,House
RepRickAllen,House
RepRickCrawford,House
RepRickLarsen,House
RepRobBishop,House
RepRobinKelly,House
RepRobWoodall,House
RepRodBlum,House
RepRoKhanna,House
RepRonEstes,House
RepRonKind,House
RepRooney,House
RepRoybalAllard,House
RepRubenGallego,House
RepRussell,House
RepRWilliams,House
RepRyanCostello,House
RepSamGraves,House
repsandylevin,House
RepSanfordSC,House
RepSarbanes,House
RepSchneider,House
RepSchrader,House
RepScottPerry,House
RepScottPeters,House
RepSeanDuffy,House
RepSeanMaloney,House
RepSheaPorter,House
RepShimkus,House
RepSinema,House
RepSires,House
RepSmucker,House
RepSpeier,House
RepStefanik,House
RepStephenLynch,House
RepStephMurphy,House
RepSteveChabot,House
RepSteveStivers,House
rep_stevewomack,House
RepSusanDavis,House
RepSwalwell,House
RepTedBudd,House
RepTedDeutch,House
RepTedLieu,House
RepTedYoho,House
RepTenney,House
RepTerriSewell,House
RepThomasMassie,House
RepThompson,House
RepTimMurphy,House
RepTimRyan,House
RepTimWalz,House
RepTipton,House
RepTomEmmer,House
Rep_Tom_Garrett,House
RepTomGraves,House
RepTomMacArthur,House
RepTomMarino,House
RepTomReed,House
RepTomRice,House
RepTomSuozzi,House
RepTrentFranks,House
RepTrentKelly,House
RepTrey,House
RepValDemings,House
RepVeasey,House
RepVisclosky,House
RepWalberg,House
RepWalorski,House
RepWalterJones,House
RepWebster,House
RepWesterman,House
RepWilson,House
RepYvetteClarke,House
RepZoeLofgren,House
Robert_Aderholt,House
RobWittman,House
RodneyDavis,House
RogerMarshallMD,House
rosadelauro,House
RosLehtinen,House
SamsPressShop,House
SanfordBishop,House
Scotttaylorva,House
SpeakerRyan,House
StaceyPlaskett,House
SteveKingIA,House
SteveKnight25,House
SteveScalise,House
SusanWBrooks,House
teammoulton,House
TGowdySC,House
ToddRokita,House
TomColeOK04,House
TomRooney,House
TulsiPress,House
TXRandy14,House
USRepGaryPalmer,House
USRepKCastor,House
USRepKeating,House
USRepLong,House
USRepMikeDoyle,House
USRepRickNolan,House
USRepRodney,House
VernBuchanan,House
virginiafoxx,House
WarrenDavidson,House
WhipHoyer,House
amyklobuchar,Senate
BillCassidy,Senate
ChrisCoons,Senate
ChrisVanHollen,Senate
ChuckGrassley,Senate
GrahamBlog,Senate
InhofePress,Senate
JeffFlake,Senate
JerryMoran,Senate
JohnBoozman,Senate
JohnCornyn,Senate
KamalaHarris,Senate
lisamurkowski,Senate
lutherstrange,Senate
MarkWarner,Senate
MartinHeinrich,Senate
maziehirono,Senate
McCaskillOffice,Senate
McConnellPress,Senate
MikeCrapo,Senate
PattyMurray,Senate
RandPaul,Senate
RonWyden,Senate
RoyBlunt,Senate
SenAlexander,Senate
SenAngusKing,Senate
SenatorBaldwin,Senate
SenatorBurr,Senate
SenatorCantwell,Senate
SenatorCardin,Senate
SenatorCarper,Senate
SenatorCollins,Senate
SenatorDurbin,Senate
SenatorEnzi,Senate
SenatorFischer,Senate
SenatorHassan,Senate
SenatorHeitkamp,Senate
SenatorIsakson,Senate
SenatorLankford,Senate
SenatorLeahy,Senate
SenatorMenendez,Senate
SenatorRisch,Senate
SenatorRounds,Senate
SenatorShaheen,Senate
SenatorTester,Senate
SenatorTimScott,Senate
SenatorTomUdall,Senate
SenatorWicker,Senate
SenBennetCO,Senate
SenBillNelson,Senate
SenBlumenthal,Senate
SenBobCasey,Senate
SenBobCorker,Senate
SenBookerOffice,Senate
SenBrianSchatz,Senate
SenCapito,Senate
SenCortezMasto,Senate
SenCoryGardner,Senate
SenDanSullivan,Senate
sendavidperdue,Senate
SenDeanHeller,Senate
SenDonnelly,Senate
SenDuckworth,Senate
SenFeinstein,Senate
SenFranken,Senate
SenGaryPeters,Senate
SenGillibrand,Senate
SenJackReed,Senate
SenJeffMerkley,Senate
Sen_JoeManchin,Senate
SenJohnBarrasso,Senate
SenJohnHoeven,Senate
SenJohnKennedy,Senate
SenJohnMcCain,Senate
SenJohnThune,Senate
SenJoniErnst,Senate
SenKaineOffice,Senate
SenMarkey,Senate
SenMikeLee,Senate
SenMurphyOffice,Senate
senorrinhatch,Senate
SenPatRoberts,Senate
senrobportman,Senate
SenRonJohnson,Senate
SenRubioPress,Senate
SenSanders,Senate
SenSasse,Senate
SenSchumer,Senate
SenShelby,Senate
SenSherrodBrown,Senate
SenStabenow,Senate
SenTedCruz,Senate
SenThadCochran,Senate
SenThomTillis,Senate
SenToddYoung,Senate
SenTomCotton,Senate
SenToomey,Senate
SenWarren,Senate
SenWhitehouse,Senate
SteveDaines,Senate